{
  "project_info": {
    "project_number": "790886153309",
    "firebase_url": "https://test-c5fbc.firebaseio.com",
    "project_id": "test-c5fbc",
    "storage_bucket": "test-c5fbc.appspot.com"
  },
  "client": [
    {
      "client_info": {
        "mobilesdk_app_id": "1:790886153309:android:29bfb8dbb2050cda",
        "android_client_info": {
          "package_name": "info.example.de"
        }
      },
      "oauth_client": [
        {
          "client_id": "790886153309-907qfrsel6kp5d457a1ejaiv799lj5hc.apps.googleusercontent.com",
          "client_type": 3
        }
      ],
      "api_key": [
        {
          "current_key": "AIzaSyAdymIryxSnkTTpaKFivOQdNsjBvVJ4RyQ"
        }
      ],
      "services": {
        "analytics_service": {
          "status": 1
        },
        "appinvite_service": {
          "status": 1,
          "other_platform_oauth_client": []
        },
        "ads_service": {
          "status": 2
        }
      }
    }
  ],
  "configuration_version": "1"
}